Placa,Fabricação,Combustível,Planta do Veículo,Modelo,Carroceria,Chassi,Nº do Chassi,Ordem,Tipo de Veículo,Data Inclusão
KWI5768,2013,Diesel,2968,MBB O 500 M  EURO V,MASCARELLO,MERCEDES BENZ,9BM382188DB892930,E05001 ,44 BRT PADRON,23/05/14 18:37
KWI5769,2013,Diesel,2968,MBB O 500 M  EURO V,MASCARELLO,MERCEDES BENZ,9BM382188DB892657,E05002 ,44 BRT PADRON,23/05/14 18:37
LMC2665,2014,Diesel,2971,MBB O 500 MA EURO V,INDUSCAR - CAIO,MERCEDES BENZ,9BM382154EB946050,E10301B,45 BRT ARTICULADO,15/08/14 11:44
LRL6989,2014,Diesel,2971,MBB O 500 MA EURO V,INDUSCAR - CAIO,MERCEDES BENZ,9BM382154EB946194,E10302B,45 BRT ARTICULADO,15/08/14 11:44
KQP6779,2014,Diesel,2971,MBB O 500 MA EURO V,INDUSCAR - CAIO,MERCEDES BENZ,9BM382154EB946006,E10303B,45 BRT ARTICULADO,15/08/14 11:45
LRL6971,2014,Diesel,2971,MBB O 500 MA EURO V,INDUSCAR - CAIO,MERCEDES BENZ,9BM382154EB946030,E10304B,45 BRT ARTICULADO,15/08/14 11:46
KWL7764,2014,Diesel,2971,MBB O 500 MA EURO V,INDUSCAR - CAIO,MERCEDES BENZ,9BM382154EB946450,E10305B,45 BRT ARTICULADO,15/08/14 11:47
KQP6773,2014,Diesel,2971,MBB O 500 MA EURO V,INDUSCAR - CAIO,MERCEDES BENZ,9BM382154EB934248,E10306B,45 BRT ARTICULADO,15/08/14 11:47
KQP6781,2013,Diesel,2971,MBB O 500 MA EURO V,INDUSCAR - CAIO,MERCEDES BENZ,9BM382154EB934022,E10307B,45 BRT ARTICULADO,15/08/14 11:48
KQO7822,2013,Diesel,2918,VOLVO B340 M EURO V,NEOBUS - SAN MARINO,VOLVO,9BVR9R325EE383906,E13401C,45 BRT ARTICULADO,21/07/14 13:52
LTL5480,2013,Diesel,2918,VOLVO B340 M EURO V,NEOBUS - SAN MARINO,VOLVO,9BVR9R323EE383905,E13402C,45 BRT ARTICULADO,21/07/14 13:53
LTF5447,2013,Diesel,2918,VOLVO B340 M EURO V,NEOBUS - SAN MARINO,VOLVO,9BVR9R327EE383907,E13403C,45 BRT ARTICULADO,21/07/14 13:54
KQO7823,2013,Diesel,2918,VOLVO B340 M EURO V,NEOBUS - SAN MARINO,VOLVO,9BVR9R329EE384055,E13404C,45 BRT ARTICULADO,21/07/14 13:55
LTD5409,2013,Diesel,2918,VOLVO B340 M EURO V,NEOBUS - SAN MARINO,VOLVO,9BVR9R320EE384056,E13405C,45 BRT ARTICULADO,21/07/14 13:56
LRG6479,2013,Diesel,2918,VOLVO B340 M EURO V,NEOBUS - SAN MARINO,VOLVO,9BVR9R320EE383862,E13406C,45 BRT ARTICULADO,21/07/14 13:57
KPY9732,2013,Diesel,2918,VOLVO B340 M EURO V,NEOBUS - SAN MARINO,VOLVO,9BVR9R322EE383863,E13407C,45 BRT ARTICULADO,21/07/14 13:58
KWI9730,2013,Diesel,2918,VOLVO B340 M EURO V,NEOBUS - SAN MARINO,VOLVO,9BVR9R32XEE383769,E13408C,45 BRT ARTICULADO,21/07/14 13:58
KPY9733,2013,Diesel,2918,VOLVO B340 M EURO V,NEOBUS - SAN MARINO,VOLVO,9BVR9R321EE383644,E13409C,45 BRT ARTICULADO,21/07/14 13:59
KWI9716,2013,Diesel,2918,VOLVO B340 M EURO V,NEOBUS - SAN MARINO,VOLVO,9BVR9R326EE383770,E13410C,45 BRT ARTICULADO,21/07/14 14:00
KWI9715,2013,Diesel,2918,VOLVO B340 M EURO V,NEOBUS - SAN MARINO,VOLVO,9BVR9R326EE383784,E13411C,45 BRT ARTICULADO,21/07/14 14:00
KPY9734,2013,Diesel,2918,VOLVO B340 M EURO V,NEOBUS - SAN MARINO,VOLVO,9BVR9R323EE383645,E13412C,45 BRT ARTICULADO,21/07/14 14:01
KWI9711,2013,Diesel,2918,VOLVO B340 M EURO V,NEOBUS - SAN MARINO,VOLVO,9BVR9R328EE383785,E13413C,45 BRT ARTICULADO,21/07/14 14:02
KPY9731,2013,Diesel,2918,VOLVO B340 M EURO V,NEOBUS - SAN MARINO,VOLVO,9BVR9R325EE383646,E13414C,45 BRT ARTICULADO,21/07/14 14:03
KQK7905,2013,Diesel,2918,VOLVO B340 M EURO V,NEOBUS - SAN MARINO,VOLVO,9BVR9R327EE383647,E13415C,45 BRT ARTICULADO,21/07/14 14:04
LTL5479,2013,Diesel,2918,VOLVO B340 M EURO V,NEOBUS - SAN MARINO,VOLVO,9BVR9R329EE383648,E13416C,45 BRT ARTICULADO,21/07/14 14:05
KWI9710,2013,Diesel,2918,VOLVO B340 M EURO V,NEOBUS - SAN MARINO,VOLVO,9BVR9R32XEE383786,E13417C,45 BRT ARTICULADO,21/07/14 14:06
KWI9709,2013,Diesel,2918,VOLVO B340 M EURO V,NEOBUS - SAN MARINO,VOLVO,9BVR9R323EE383791,E13418C,45 BRT ARTICULADO,21/07/14 14:06
LTV5426,2013,Diesel,2918,VOLVO B340 M EURO V,NEOBUS - SAN MARINO,VOLVO,9BVR9R322EE383801,E13419C,45 BRT ARTICULADO,21/07/14 14:07
KWI9708,2013,Diesel,2918,VOLVO B340 M EURO V,NEOBUS - SAN MARINO,VOLVO,9BVR9R320EE383800,E13420C,45 BRT ARTICULADO,21/07/14 14:07
KWO8119,2014,Diesel,2918,VOLVO B340 M EURO V,NEOBUS - SAN MARINO,VOLVO,9BVR9R329FE385028,E13421C,45 BRT ARTICULADO,09/01/15 11:19
LRH6530,2013,Diesel,2936,VOLVO B340 M EURO V,MARCOPOLO,VOLVO,9BVR9R328EE383642,E20231C,45 BRT ARTICULADO,02/02/15 11:05
KXC6356,2014,Diesel,2936,VOLVO B340 M EURO V,MARCOPOLO,VOLVO,9BVR9R321EE384082,E20240C,45 BRT ARTICULADO,02/02/15 11:02
LLX1329,2012,Diesel,2936,VOLVO B340 M EURO V,MARCOPOLO,VOLVO,9BVR9R323DE382641,E22001C,45 BRT ARTICULADO,30/01/15 15:38
KWB7813,2012,Diesel,2936,VOLVO B340 M EURO V,MARCOPOLO,VOLVO,9BVR9R327EE382660,E22002C,45 BRT ARTICULADO,30/01/15 15:39
LMB2392,2014,Diesel,2936,VOLVO B340 M EURO V,MARCOPOLO,VOLVO,9BVR9R320EE384087,E22003C,45 BRT ARTICULADO,30/01/15 15:39
LRH6312,2013,Diesel,2936,VOLVO B340 M EURO V,MARCOPOLO,VOLVO,9BVR9R326EE383767,E22004C,45 BRT ARTICULADO,30/01/15 15:40
LMB2231,2013,Diesel,2936,VOLVO B340 M EURO V,MARCOPOLO,VOLVO,9BVR9R320EE383764,E22005C,45 BRT ARTICULADO,30/01/15 15:44
KPZ5415,2013,Diesel,2936,VOLVO B340 M EURO V,MARCOPOLO,VOLVO,9BVR9R329EE383763,E22006C,45 BRT ARTICULADO,30/01/15 16:07
KPZ5200,2013,Diesel,2936,VOLVO B340 M EURO V,MARCOPOLO,VOLVO,9BVR9R327EE383762,E22007C,45 BRT ARTICULADO,30/01/15 16:08
KXI5352,2013,Diesel,2936,VOLVO B340 M EURO V,MARCOPOLO,VOLVO,9BVR9R325EE383761,E22008C,45 BRT ARTICULADO,30/01/15 16:08
KYN7536,2013,Diesel,2936,VOLVO B340 M EURO V,MARCOPOLO,VOLVO,9BVR9R327EE383759,E22009C,45 BRT ARTICULADO,30/01/15 16:10
LMA9943,2014,Diesel,2936,VOLVO B340 M EURO V,MARCOPOLO,VOLVO,9BVR9R326EE383641,E22011C,45 BRT ARTICULADO,30/01/15 17:04
KWK6089,2014,Diesel,2936,VOLVO B340 M EURO V,MARCOPOLO,VOLVO,9BVR9R322EE384088,E22013C,45 BRT ARTICULADO,30/01/15 17:06
LRH6109,2013,Diesel,2936,VOLVO B340 M EURO V,MARCOPOLO,VOLVO,9BVR9R323EE383760,E22014C,45 BRT ARTICULADO,30/01/15 17:07
LRI9086,2014,Diesel,2936,VOLVO B340 M EURO V,MARCOPOLO,VOLVO,9BVR9R322EE384057,E22015C,45 BRT ARTICULADO,30/01/15 17:07
KQB7564,2014,Diesel,2936,VOLVO B340 M EURO V,MARCOPOLO,VOLVO,9BVR9R321EE384079,E22016C,45 BRT ARTICULADO,30/01/15 17:09
LMB8324,2014,Diesel,2936,VOLVO B340 M EURO V,MARCOPOLO,VOLVO,9BVR9R328EE384080,E22017C,45 BRT ARTICULADO,30/01/15 17:10
KWK8015,2014,Diesel,2936,VOLVO B340 M EURO V,MARCOPOLO,VOLVO,9BVR9R32XEE384081,E22018C,45 BRT ARTICULADO,30/01/15 17:10
KYA5588,2014,Diesel,2936,VOLVO B340 M EURO V,MARCOPOLO,VOLVO,9BVR9R327EE384083,E22020C,45 BRT ARTICULADO,30/01/15 17:15
KQB8504,2014,Diesel,2936,VOLVO B340 M EURO V,MARCOPOLO,VOLVO,9BVR9R324EE384089,E22021C,45 BRT ARTICULADO,30/01/15 17:16
KWW5399,2014,Diesel,2936,VOLVO B340 M EURO V,MARCOPOLO,VOLVO,9BVR9R320EE384090,E22022C,45 BRT ARTICULADO,30/01/15 17:17
KQB7431,2014,Diesel,2936,VOLVO B340 M EURO V,MARCOPOLO,VOLVO,9BVR9R322EE384091,E22023C,45 BRT ARTICULADO,30/01/15 17:18
KQB8512,2014,Diesel,2936,VOLVO B340 M EURO V,MARCOPOLO,VOLVO,9BVR9R324EE384092,E22024C,45 BRT ARTICULADO,30/01/15 17:18
LMB7806,2014,Diesel,2936,VOLVO B340 M EURO V,MARCOPOLO,VOLVO,9BVR9R326EE384093,E22025C,45 BRT ARTICULADO,30/01/15 17:19
KWK8219,2014,Diesel,2936,VOLVO B340 M EURO V,MARCOPOLO,VOLVO,9BVR9R328EE384094,E22026C,45 BRT ARTICULADO,30/01/15 17:19
LRI7709,2014,Diesel,2936,VOLVO B340 M EURO V,MARCOPOLO,VOLVO,9BVR9R32XEE384095,E22027C,45 BRT ARTICULADO,30/01/15 17:20
LRH6829,2013,Diesel,2936,VOLVO B340 M EURO V,MARCOPOLO,VOLVO,9BVR9R326EE383638,E22233C,45 BRT ARTICULADO,02/02/15 11:04
KQP5439,2013,Diesel,2950,MBB O 500 MA EURO V,MARCOPOLO,MERCEDES BENZ,9BM382154EB941053,E27168B,45 BRT ARTICULADO,28/08/14 15:08
LRK9562,2013,Diesel,2950,MBB O 500 MA EURO V,MARCOPOLO,MERCEDES BENZ,9BM382154EB941042,E27169B,45 BRT ARTICULADO,28/08/14 15:13
LRK9561,2014,Diesel,2950,MBB O 500 MA EURO V,MARCOPOLO,MERCEDES BENZ,9BM382154EB941028,E27170B,45 BRT ARTICULADO,28/08/14 15:24
KQP5438,2013,Diesel,2950,MBB O 500 MA EURO V,MARCOPOLO,MERCEDES BENZ,9BM382154EB941010,E27171B,45 BRT ARTICULADO,28/08/14 15:16
LRK9560,2013,Diesel,2950,MBB O 500 MA EURO V,MARCOPOLO,MERCEDES BENZ,9BM382154EB940976,E27172B,45 BRT ARTICULADO,28/08/14 15:17
LRK9559,2013,Diesel,2950,MBB O 500 MA EURO V,MARCOPOLO,MERCEDES BENZ,9BM382154EB940968,E27173B,45 BRT ARTICULADO,28/08/14 15:19
KQP5437,2013,Diesel,2950,MBB O 500 MA EURO V,MARCOPOLO,MERCEDES BENZ,9BM382154EB940718,E27174B,45 BRT ARTICULADO,28/08/14 15:19
KQP5436,2013,Diesel,2950,MBB O 500 MA EURO V,MARCOPOLO,MERCEDES BENZ,9BM382154EB940700,E27175B,45 BRT ARTICULADO,28/08/14 15:21
LRK9563,2013,Diesel,2950,MBB O 500 MA EURO V,MARCOPOLO,MERCEDES BENZ,9BM382154EB941064,E27176B,45 BRT ARTICULADO,28/08/14 15:21
LRK9558,2014,Diesel,2950,MBB O 500 MA EURO V,MARCOPOLO,MERCEDES BENZ,9BM382154EB919698,E27177B,45 BRT ARTICULADO,28/08/14 15:23
LSD4741,2012,Diesel,2918,VOLVO B340 M EURO V,NEOBUS - SAN MARINO,VOLVO,9BVR9R322DE382663,E30501C,45 BRT ARTICULADO,25/05/15 10:06
LQT9173,2012,Diesel,2918,VOLVO B340 M EURO V,NEOBUS - SAN MARINO,VOLVO,9BVR9R320DE382662,E30502C,45 BRT ARTICULADO,25/05/15 10:07
LSB5374,2012,Diesel,2918,VOLVO B340 M EURO V,NEOBUS - SAN MARINO,VOLVO,9BVR9R329DE382661,E30503C,45 BRT ARTICULADO,25/05/15 10:08
LRC6605,2013,Diesel,2918,VOLVO B340 M EURO V,NEOBUS - SAN MARINO,VOLVO,9BVR9R329EE384007,E30504C,45 BRT ARTICULADO,05/06/14 12:07
KPV2253,2013,Diesel,2918,VOLVO B340 M EURO V,NEOBUS - SAN MARINO,VOLVO,9BVR9R320EE383649,E30505C,45 BRT ARTICULADO,05/06/14 09:59
LRC6583,2013,Diesel,2918,VOLVO B340 M EURO V,NEOBUS - SAN MARINO,VOLVO,9BVR9R322EE383684,E30506C,45 BRT ARTICULADO,05/06/14 10:07
LRC6585,2013,Diesel,2918,VOLVO B340 M EURO V,NEOBUS - SAN MARINO,VOLVO,9BVR9R327EE383650,E30507C,45 BRT ARTICULADO,05/06/14 10:08
KYM4572,2013,Diesel,2918,VOLVO B340 M EURO V,NEOBUS - SAN MARINO,VOLVO,9BVR9R329EE383651,E30508C,45 BRT ARTICULADO,05/06/14 10:11
KYM4574,2013,Diesel,2918,VOLVO B340 M EURO V,NEOBUS - SAN MARINO,VOLVO,9BVR9R327EE383681,E30509C,45 BRT ARTICULADO,05/06/14 10:12
KYM4575,2013,Diesel,2918,VOLVO B340 M EURO V,NEOBUS - SAN MARINO,VOLVO,9BVR9R329EE383682,E30510 ,45 BRT ARTICULADO,05/06/14 10:15
KPV2250,2013,Diesel,2918,VOLVO B340 M EURO V,NEOBUS - SAN MARINO,VOLVO,9BVR9R320EE383683,E30511C,45 BRT ARTICULADO,05/06/14 10:16
KPV2252,2013,Diesel,2918,VOLVO B340 M EURO V,NEOBUS - SAN MARINO,VOLVO,9BVR9R324EE383685,E30512C,45 BRT ARTICULADO,05/06/14 10:16
KYL8596,2013,Diesel,2918,VOLVO B340 M EURO V,NEOBUS - SAN MARINO,VOLVO,9BVR9R321EE383689,E30513C,45 BRT ARTICULADO,05/06/14 10:17
KYL8595,2013,Diesel,2918,VOLVO B340 M EURO V,NEOBUS - SAN MARINO,VOLVO,9BVR9R328EE383947,E30514C,45 BRT ARTICULADO,05/06/14 10:38
KYL8594,2013,Diesel,2918,VOLVO B340 M EURO V,NEOBUS - SAN MARINO,VOLVO,9BVR9R32XEE383948,E30515 ,45 BRT ARTICULADO,05/06/14 10:39
KYL8593,2013,Diesel,2918,VOLVO B340 M EURO V,NEOBUS - SAN MARINO,VOLVO,9BVR9R321EE383949,E30516C,45 BRT ARTICULADO,05/06/14 10:40
LRC6607,2013,Diesel,2918,VOLVO B340 M EURO V,NEOBUS - SAN MARINO,VOLVO,9BVR9R322EE383961,E30517C,45 BRT ARTICULADO,05/06/14 10:41
KYL8597,2013,Diesel,2918,VOLVO B340 M EURO V,NEOBUS - SAN MARINO,VOLVO,9BVR9R324EE383962,E30518C,45 BRT ARTICULADO,05/06/14 10:42
LRE9804,2013,Diesel,2918,VOLVO B340 M EURO V,NEOBUS - SAN MARINO,VOLVO,9BVR9R326EE383963,E30519C,45 BRT ARTICULADO,05/06/14 10:43
LRC6603,2013,Diesel,2918,VOLVO B340 M EURO V,NEOBUS - SAN MARINO,VOLVO,9BVR9R325EE384005,E30520C,45 BRT ARTICULADO,05/06/14 12:08
LRC6594,2013,Diesel,2918,VOLVO B340 M EURO V,NEOBUS - SAN MARINO,VOLVO,9BVR9R323EE384004,E30521C,45 BRT ARTICULADO,05/06/14 12:09
LRE9805,2013,Diesel,2918,VOLVO B340 M EURO V,NEOBUS - SAN MARINO,VOLVO,9BVR9R323EE383998,E30522C,45 BRT ARTICULADO,05/06/14 12:10
LRC6593,2013,Diesel,2918,VOLVO B340 M EURO V,NEOBUS - SAN MARINO,VOLVO,9BVR9R320EE384008,E30523C,45 BRT ARTICULADO,05/06/14 12:11
LRC6601,2013,Diesel,2918,VOLVO B340 M EURO V,NEOBUS - SAN MARINO,VOLVO,9BVR9R322EE383992,E30524C,45 BRT ARTICULADO,05/06/14 12:12
LRC6596,2013,Diesel,2918,VOLVO B340 M EURO V,NEOBUS - SAN MARINO,VOLVO,9BVR9R329EE383990,E30525C,45 BRT ARTICULADO,05/06/14 12:13
LRG3042,2013,Diesel,2918,VOLVO B340 M EURO V,NEOBUS - SAN MARINO,VOLVO,9BVR9R32XEE383965,E30526C,45 BRT ARTICULADO,05/06/14 12:14
KPY6689,2013,Diesel,2918,VOLVO B340 M EURO V,NEOBUS - SAN MARINO,VOLVO,9BVR9R325EE383968,E30527C,45 BRT ARTICULADO,05/06/14 12:14
LRG3041,2013,Diesel,2918,VOLVO B340 M EURO V,NEOBUS - SAN MARINO,VOLVO,9BVR9R327EE383969,E30528C,45 BRT ARTICULADO,05/06/14 12:15
KPV2255,2013,Diesel,2918,VOLVO B340 M EURO V,NEOBUS - SAN MARINO,VOLVO,9BVR9R324EE384013,E30529C,45 BRT ARTICULADO,05/06/14 12:16
LRG3043,2013,Diesel,2918,VOLVO B340 M EURO V,NEOBUS - SAN MARINO,VOLVO,9BVR9R322EE384012,E30530C,45 BRT ARTICULADO,05/06/14 12:17
LRC6592,2013,Diesel,2918,VOLVO B340 M EURO V,NEOBUS - SAN MARINO,VOLVO,9BVR9R320EE384011,E30531C,45 BRT ARTICULADO,05/06/14 12:21
KYL8599,2014,Diesel,2918,VOLVO B340 M EURO V,NEOBUS - SAN MARINO,VOLVO,9BVR9R329EE384010,E30532C,45 BRT ARTICULADO,05/06/14 12:23
KWO8120,2014,Diesel,2918,VOLVO B340 M EURO V,NEOBUS - SAN MARINO,VOLVO,9BVR9R326FE385021,E30533C,45 BRT ARTICULADO,09/01/15 11:12
KWO8121,2014,Diesel,2918,VOLVO B340 M EURO V,NEOBUS - SAN MARINO,VOLVO,9BVR9R324FE385020,E30534C,45 BRT ARTICULADO,09/01/15 11:13
KWC5557,2012,Diesel,2911,VOLVO B340 M EURO V,MASCARELLO,VOLVO,9BVR9R320DE382628,E39801C,45 BRT ARTICULADO,22/07/14 18:17
LMC4457,2014,Diesel,2990,VOLVO B340 M EURO V,MARCOPOLO,VOLVO,9BVR9R321EE384096,E39802C,45 BRT ARTICULADO,10/10/14 15:23
LRM6479,2014,Diesel,2990,VOLVO B340 M EURO V,MARCOPOLO,VOLVO,9BVR9R323EE384097,E39803C,45 BRT ARTICULADO,10/10/14 15:24
LMC6388,2014,Diesel,2990,VOLVO B340 M EURO V,MARCOPOLO,VOLVO,9BVR9R325EE384098,E39804C,45 BRT ARTICULADO,10/10/14 15:25
KQP9910,2014,Diesel,2990,VOLVO B340 M EURO V,MARCOPOLO,VOLVO,9BVR9R327EE384099,E39805C,45 BRT ARTICULADO,26/09/14 10:41
KQQ5967,2014,Diesel,2990,VOLVO B340 M EURO V,MARCOPOLO,VOLVO,9BVR9R32XEE384100,E39806C,45 BRT ARTICULADO,26/09/14 10:43
LRL8727,2014,Diesel,2990,VOLVO B340 M EURO V,MARCOPOLO,VOLVO,9BVR9R321EE384101,E39807C,45 BRT ARTICULADO,26/09/14 10:44
LMC5851,2014,Diesel,2990,VOLVO B340 M EURO V,MARCOPOLO,VOLVO,9BVR9R328EE384371,E39808C,45 BRT ARTICULADO,10/10/14 15:25
KZP8549,2014,Diesel,2990,VOLVO B340 M EURO V,MARCOPOLO,VOLVO,9BVR9R326EE384112,E39809C,45 BRT ARTICULADO,26/09/14 10:45
KWL9222,2014,Diesel,2990,VOLVO B340 M EURO V,MARCOPOLO,VOLVO,9BVR9R328EE384113,E39810C,45 BRT ARTICULADO,26/09/14 10:46
LRM6558,2014,Diesel,2990,VOLVO B340 M EURO V,MARCOPOLO,VOLVO,9BVR9R323EE384293,E39811C,45 BRT ARTICULADO,10/10/14 15:44
KWY5519,2014,Diesel,2990,VOLVO B340 M EURO V,MARCOPOLO,VOLVO,9BVR9R325EE384134,E39812C,45 BRT ARTICULADO,26/09/14 10:47
LMC3406,2014,Diesel,2990,VOLVO B340 M EURO V,MARCOPOLO,VOLVO,9BVR9R32XEE384291,E39813C,45 BRT ARTICULADO,26/09/14 10:48
LMC5873,2014,Diesel,2990,VOLVO B340 M EURO V,MARCOPOLO,VOLVO,9BVR9R327EE384359,E39814C,45 BRT ARTICULADO,10/10/14 15:48
KWY5518,2014,Diesel,2990,VOLVO B340 M EURO V,MARCOPOLO,VOLVO,9BVR9R321EE384275,E39815C,45 BRT ARTICULADO,26/09/14 10:50
LRM7794,2014,Diesel,2990,VOLVO B340 M EURO V,MARCOPOLO,VOLVO,9BVR9R323EE384276,E39816C,45 BRT ARTICULADO,10/10/14 15:49
LMC4018,2014,Diesel,2990,VOLVO B340 M EURO V,MARCOPOLO,VOLVO,9BVR9R327EE384135,E39817C,45 BRT ARTICULADO,26/09/14 10:52
LUA1072,2014,Diesel,2990,VOLVO B340 M EURO V,MARCOPOLO,VOLVO,9BVR9R326EE384143,E39818C,45 BRT ARTICULADO,26/09/14 10:53
LMC3394,2014,Diesel,2990,VOLVO B340 M EURO V,MARCOPOLO,VOLVO,9BVR9R328EE384290,E39819C,45 BRT ARTICULADO,26/09/14 10:54
KWZ6297,2014,Diesel,2990,VOLVO B340 M EURO V,MARCOPOLO,VOLVO,9BVR9R324EE384304,E39820C,45 BRT ARTICULADO,10/10/14 15:51
KWP6561,2014,Diesel,2990,VOLVO B340 M EURO V,MARCOPOLO,VOLVO,9BVR9R328EE384306,E39821C,45 BRT ARTICULADO,10/10/14 15:53
KYP7852,2014,Diesel,2990,VOLVO B340 M EURO V,MARCOPOLO,VOLVO,9BVR9R321EE384292,E39822C,45 BRT ARTICULADO,26/09/14 10:55
LRM5939,2014,Diesel,2990,VOLVO B340 M EURO V,MARCOPOLO,VOLVO,9BVR9R322EE384320,E39823C,45 BRT ARTICULADO,10/10/14 15:54
LRL9882,2014,Diesel,2990,VOLVO B340 M EURO V,MARCOPOLO,VOLVO,9BVR9R324EE384268,E39824C,45 BRT ARTICULADO,26/09/14 10:56
KWL9361,2014,Diesel,2990,VOLVO B340 M EURO V,MARCOPOLO,VOLVO,9BVR9R32XEE384274,E39825C,45 BRT ARTICULADO,26/09/14 10:57
KXV9616,2014,Diesel,2990,VOLVO B340 M EURO V,MARCOPOLO,VOLVO,9BVR9R328EE384127,E39826C,45 BRT ARTICULADO,10/10/14 15:55
KQQ9097,2014,Diesel,2990,VOLVO B340 M EURO V,MARCOPOLO,VOLVO,9BVR9R324EE384111,E39827C,45 BRT ARTICULADO,10/10/14 15:56
LMC6084,2014,Diesel,2990,VOLVO B340 M EURO V,MARCOPOLO,VOLVO,9BVR9R324EE384299,E39828C,45 BRT ARTICULADO,10/10/14 16:00
LMC5884,2014,Diesel,2990,VOLVO B340 M EURO V,MARCOPOLO,VOLVO,9BVR9R321EE384289,E39829C,45 BRT ARTICULADO,10/10/14 16:01
KWM7001,2014,Diesel,2990,VOLVO B340 M EURO V,MARCOPOLO,VOLVO,9BVR9R324EE384321,E39830C,45 BRT ARTICULADO,10/10/14 16:02
LRM6174,2014,Diesel,2990,VOLVO B340 M EURO V,MARCOPOLO,VOLVO,9BVR9R326EE384322,E39831C,45 BRT ARTICULADO,10/10/14 16:03
KQQ9135,2014,Diesel,2990,VOLVO B340 M EURO V,MARCOPOLO,VOLVO,9BVR9R326EE384305,E39832C,45 BRT ARTICULADO,10/10/14 16:03
LMC6667,2014,Diesel,2990,VOLVO B340 M EURO V,MARCOPOLO,VOLVO,9BVR9R326EE384370,E39833C,45 BRT ARTICULADO,10/10/14 16:04
KWM6807,2014,Diesel,2990,VOLVO B340 M EURO V,MARCOPOLO,VOLVO,9BVR9R32XEE384372,E39834C,45 BRT ARTICULADO,10/10/14 16:06
KWM7479,2014,Diesel,2990,VOLVO B340 M EURO V,MARCOPOLO,VOLVO,9BVR9R321EE384373,E39835C,45 BRT ARTICULADO,10/10/14 16:07
KQR2654,2014,Diesel,2990,VOLVO B340 M EURO V,MARCOPOLO,VOLVO,9BVR9R323EE384374,E39836C,45 BRT ARTICULADO,10/10/14 16:07
KWA8862,2010,Diesel,2828,MBB O 500 MA EURO V,MARCOPOLO,MERCEDES BENZ,9BM382154AB717255,E41431C,45 BRT ARTICULADO,16/06/14 16:27
KPN6105,2013,Diesel,2828,MBB O 500 MA EURO V,MARCOPOLO,MERCEDES BENZ,9BM382154DB893887,E41432C,45 BRT ARTICULADO,16/06/14 16:14
KPN6095,2013,Diesel,2828,MBB O 500 MA EURO V,MARCOPOLO,MERCEDES BENZ,9BM382154DB893903,E41433C,45 BRT ARTICULADO,16/06/14 16:17
LTT5387,2013,Diesel,2839,MBB O 500 MA EURO V,NEOBUS - SAN MARINO,MERCEDES BENZ,9BM382154EB9340734,E44701C,45 BRT ARTICULADO,07/08/14 09:49
KRA6212,2013,Diesel,2839,MBB O 500 MA EURO V,NEOBUS - SAN MARINO,MERCEDES BENZ,9BM382154EB93598,E44702C,45 BRT ARTICULADO,07/08/14 09:51
KRA6211,2013,Diesel,2839,MBB O 500 MA EURO V,NEOBUS - SAN MARINO,MERCEDES BENZ,9BM382154EB936737,E44703C,45 BRT ARTICULADO,07/08/14 09:52
LTR5373,2013,Diesel,2839,MBB O 500 MA EURO V,NEOBUS - SAN MARINO,MERCEDES BENZ,9BM382154EB936973,E44704C,45 BRT ARTICULADO,07/08/14 09:53
KQY3699,2013,Diesel,2839,MBB O 500 MA EURO V,NEOBUS - SAN MARINO,MERCEDES BENZ,9BM382154EB936192,E44705C,45 BRT ARTICULADO,07/08/14 09:54
LRG8855,2013,Diesel,2839,MBB O 500 MA EURO V,NEOBUS - SAN MARINO,MERCEDES BENZ,9BM382154EB936212,E44706C,45 BRT ARTICULADO,11/08/14 11:15
LRG8854,2013,Diesel,2839,MBB O 500 MA EURO V,NEOBUS - SAN MARINO,MERCEDES BENZ,9BM382154EB936965,E44707C,45 BRT ARTICULADO,11/08/14 11:16
LRG8853,2013,Diesel,2839,MBB O 500 MA EURO V,NEOBUS - SAN MARINO,MERCEDES BENZ,9BM382154EB934033,E44708C,45 BRT ARTICULADO,11/08/14 11:17
LRG8852,2013,Diesel,2839,MBB O 500 MA EURO V,NEOBUS - SAN MARINO,MERCEDES BENZ,9BM382154EB935837,E44709C,45 BRT ARTICULADO,11/08/14 11:17
LRG8850,2013,Diesel,2839,MBB O 500 MA EURO V,NEOBUS - SAN MARINO,MERCEDES BENZ,9BM382154EB936251,E44710C,45 BRT ARTICULADO,11/08/14 11:18
LRG8851,2013,Diesel,2839,MBB O 500 MA EURO V,NEOBUS - SAN MARINO,MERCEDES BENZ,9BM382154DB895729,E44711B,45 BRT ARTICULADO,08/08/14 18:11
KPZ3561,2013,Diesel,2839,MBB O 500 MA EURO V,NEOBUS - SAN MARINO,MERCEDES BENZ,9BM382154DB895225,E44712B,45 BRT ARTICULADO,08/08/14 18:11
KPZ3559,2013,Diesel,2839,MBB O 500 MA EURO V,NEOBUS - SAN MARINO,MERCEDES BENZ,9BM382154DB895520,E44713B,45 BRT ARTICULADO,08/08/14 18:12
LRG8849,2013,Diesel,2839,MBB O 500 MA EURO V,NEOBUS - SAN MARINO,MERCEDES BENZ,9BM382154DB895508,E44714B,45 BRT ARTICULADO,08/08/14 18:13
LRG8848,2013,Diesel,2839,MBB O 500 MA EURO V,NEOBUS - SAN MARINO,MERCEDES BENZ,9BM382154DB894483,E44715B,45 BRT ARTICULADO,08/08/14 18:13
KQB2808,2013,Diesel,2918,VOLVO B340 M EURO V,NEOBUS - SAN MARINO,VOLVO,9BVR9R328EE383639,E47001C,45 BRT ARTICULADO,15/07/14 17:18
LRH8941,2013,Diesel,2918,VOLVO B340 M EURO V,NEOBUS - SAN MARINO,VOLVO,9BVR9R324EE383640,E47002C,45 BRT ARTICULADO,15/07/14 17:19
LRH8892,2013,Diesel,2918,VOLVO B340 M EURO V,NEOBUS - SAN MARINO,VOLVO,9BVR9R324EE383864,E47003C,45 BRT ARTICULADO,15/07/14 17:20
KQK7904,2013,Diesel,2918,VOLVO B340 M EURO V,NEOBUS - SAN MARINO,VOLVO,9BVR9R321EE383871,E47004C,45 BRT ARTICULADO,15/07/14 17:20
LSV5862,2013,Diesel,2918,VOLVO B340 M EURO V,NEOBUS - SAN MARINO,VOLVO,9BVR9R32XEE383643,E47005C,45 BRT ARTICULADO,15/07/14 17:21
LSR5939,2013,Diesel,2918,VOLVO B340 M EURO V,NEOBUS - SAN MARINO,VOLVO,9BVR9R328EE384015,E47006C,45 BRT ARTICULADO,15/07/14 17:21
LSP6018,2013,Diesel,2918,VOLVO B340 M EURO V,NEOBUS - SAN MARINO,VOLVO,9BVR9R32XEE384016,E47007C,45 BRT ARTICULADO,15/07/14 17:22
KPY9735,2013,Diesel,2918,VOLVO B340 M EURO V,NEOBUS - SAN MARINO,VOLVO,9BVR9R24EE383914,E47008C,45 BRT ARTICULADO,15/07/14 17:22
KPZ8403,2013,Diesel,2918,VOLVO B340 M EURO V,NEOBUS - SAN MARINO,VOLVO,9BVR9R326EE383915,E47009C,45 BRT ARTICULADO,15/07/14 17:23
KPZ8363,2013,Diesel,2918,VOLVO B340 M EURO V,NEOBUS - SAN MARINO,VOLVO,9BVR9R328EE383916,E47010C,45 BRT ARTICULADO,15/07/14 17:23
LRH8889,2013,Diesel,2918,VOLVO B340 M EURO V,NEOBUS - SAN MARINO,VOLVO,9BVR9R328EE383964,E47011 ,45 BRT ARTICULADO,15/07/14 17:24
KPZ8364,2013,Diesel,2918,VOLVO B340 M EURO V,NEOBUS - SAN MARINO,VOLVO,9BVR9R328EE383960,E47012C,45 BRT ARTICULADO,15/07/14 17:25
LMB3786,2013,Diesel,2918,VOLVO B340 M EURO V,NEOBUS - SAN MARINO,VOLVO,9BVR9R326EE383946,E47013C,45 BRT ARTICULADO,15/07/14 17:25
KZI4452,2014,Diesel,2918,VOLVO B340 M EURO V,NEOBUS - SAN MARINO,VOLVO,9BVR9R325EE384053,E47014C,45 BRT ARTICULADO,15/07/14 17:26
LRH8891,2014,Diesel,2918,VOLVO B340 M EURO V,NEOBUS - SAN MARINO,VOLVO,9BVR9R327EE384054,E47015C,45 BRT ARTICULADO,15/07/14 17:26
LTB6028,2014,Diesel,2994,VOLVO B340 M EURO V,NEOBUS - SAN MARINO,VOLVO,9BVR9R323EE384150,E47016C,46 BRT BIARTICULADO,07/05/15 16:18
LRS2841,2014,Diesel,2918,VOLVO B340 M EURO V,NEOBUS - SAN MARINO,VOLVO,9BVR9R328FE385117,E47017C,45 BRT ARTICULADO,09/01/15 16:08
LRS2843,2014,Diesel,2918,VOLVO B340 M EURO V,NEOBUS - SAN MARINO,VOLVO,9BVR9R328FE385029,E47018C,45 BRT ARTICULADO,09/01/15 16:09
KPP5170,2009,Diesel,2839,MBB O 500 MA EURO V,NEOBUS - SAN MARINO,MERCEDES BENZ,9BM382154AB673949,E50301C,45 BRT ARTICULADO,09/06/14 16:35
LTB5540,2013,Diesel,2972,MBB O 500 M  EURO V,NEOBUS - SAN MARINO,MERCEDES BENZ,9BM382188DB892559,E58686D,44 BRT PADRON,01/07/14 17:33
LTB5541,2013,Diesel,2972,MBB O 500 M  EURO V,NEOBUS - SAN MARINO,MERCEDES BENZ,9BM382188DB892254,E58687D,44 BRT PADRON,01/07/14 17:34
LMB9574,2014,Diesel,2938,MBB O 500 MDA  EURO  V,MARCOPOLO,MERCEDES BENZ,9BM382188DB892219,E86850D,45 BRT ARTICULADO,29/08/14 10:13
KQO8674,2013,Diesel,2938,MBB O 500 MDA  EURO  V,MARCOPOLO,MERCEDES BENZ,9BM382188DB899557,E86851D,45 BRT ARTICULADO,29/08/14 10:14
LMB9577,2013,Diesel,2938,MBB O 500 MDA  EURO  V,MARCOPOLO,MERCEDES BENZ,9BM382188DB896133,E86852D,45 BRT ARTICULADO,29/08/14 10:15
LUL5782,2013,Diesel,2938,MBB O 500 MDA  EURO  V,MARCOPOLO,MERCEDES BENZ,9BM382188DB896423,E86853D,45 BRT ARTICULADO,29/08/14 10:15
LTR5553,2013,Diesel,2938,MBB O 500 MDA  EURO  V,MARCOPOLO,MERCEDES BENZ,9BM382188DB898785,E86854D,45 BRT ARTICULADO,29/08/14 10:16
LRH9940,2014,Diesel,2938,MBB O 500 MDA  EURO  V,MARCOPOLO,MERCEDES BENZ,9BM382157EB942609,E86855D,45 BRT ARTICULADO,29/08/14 09:38
KWX6285,2014,Diesel,2938,MBB O 500 MDA  EURO  V,MARCOPOLO,MERCEDES BENZ,9BM382157EB950831,E86856D,45 BRT ARTICULADO,29/08/14 09:39
LSB6391,2014,Diesel,2938,MBB O 500 MDA  EURO  V,MARCOPOLO,MERCEDES BENZ,9BM382157EB952083,E86857D,45 BRT ARTICULADO,29/08/14 09:39
KPZ9204,2014,Diesel,2938,MBB O 500 MDA  EURO  V,MARCOPOLO,MERCEDES BENZ,9BM382157EB952794,E86858D,45 BRT ARTICULADO,29/08/14 09:40
KWJ9250,2014,Diesel,2938,MBB O 500 MDA  EURO  V,MARCOPOLO,MERCEDES BENZ,9BM382157EB953357,E86859D,45 BRT ARTICULADO,29/08/14 09:40
KYN7644,2014,Diesel,2938,MBB O 500 MDA  EURO  V,MARCOPOLO,MERCEDES BENZ,9BM382157EB958776,E86860D,45 BRT ARTICULADO,29/08/14 11:00
LRK8456,2014,Diesel,2938,MBB O 500 MDA  EURO  V,MARCOPOLO,MERCEDES BENZ,9BM382157EB957598,E86861D,45 BRT ARTICULADO,29/08/14 11:01
LRX6071,2014,Diesel,2938,MBB O 500 MDA  EURO  V,MARCOPOLO,MERCEDES BENZ,9BM382157EB958112,E86862D,45 BRT ARTICULADO,29/08/14 11:02
LMC1030,2014,Diesel,2938,MBB O 500 MDA  EURO  V,MARCOPOLO,MERCEDES BENZ,9BM382157EB961264,E86863D,45 BRT ARTICULADO,29/08/14 11:02
KRK5260,2014,Diesel,2938,MBB O 500 MDA  EURO  V,MARCOPOLO,MERCEDES BENZ,9BM382157EB963372,E86864D,45 BRT ARTICULADO,29/08/14 11:03
KRI3470,2014,Diesel,2938,MBB O 500 MDA  EURO  V,MARCOPOLO,MERCEDES BENZ,9BM382157EB959162,E86865D,45 BRT ARTICULADO,29/08/14 11:03
LRK8428,2014,Diesel,2938,MBB O 500 MDA  EURO  V,MARCOPOLO,MERCEDES BENZ,9BM382157EB963016,E86866D,45 BRT ARTICULADO,29/08/14 11:04
LRK8436,2014,Diesel,2938,MBB O 500 MDA  EURO  V,MARCOPOLO,MERCEDES BENZ,9BM382157EB962130,E86867D,45 BRT ARTICULADO,29/08/14 11:04
LMB7233,2013,Diesel,2972,MBB O 500 M  EURO V,NEOBUS - SAN MARINO,MERCEDES BENZ,9BM382188DB892633,E87586D,44 BRT PADRON,15/04/15 14:55
LUD5669,2013,Diesel,2972,MBB O 500 M  EURO V,NEOBUS - SAN MARINO,MERCEDES BENZ,9BM382188DB892511,E87587D,44 BRT PADRON,15/04/15 14:56
LRI6675,2013,Diesel,2972,MBB O 500 M  EURO V,NEOBUS - SAN MARINO,MERCEDES BENZ,9BM382188DB892601,E87588D,44 BRT PADRON,15/04/15 14:57
KQB6592,2013,Diesel,2972,MBB O 500 M  EURO V,NEOBUS - SAN MARINO,MERCEDES BENZ,9BM382188DB892621,E87589D,44 BRT PADRON,15/04/15 14:57
KYB8306,2013,Diesel,2972,MBB O 500 M  EURO V,NEOBUS - SAN MARINO,MERCEDES BENZ,9BM382188DB892645,E87590D,44 BRT PADRON,15/04/15 14:58
KQR9714,2013,Diesel,2839,MBB O 500 MA EURO V,NEOBUS - SAN MARINO,MERCEDES BENZ,9BM382154EB943034,E87591D,45 BRT ARTICULADO,26/11/14 12:45
KQR9715,2013,Diesel,2839,MBB O 500 MA EURO V,NEOBUS - SAN MARINO,MERCEDES BENZ,9BM382154EB943132,E87592D,45 BRT ARTICULADO,26/11/14 12:45
LMD0854,2013,Diesel,2839,MBB O 500 MA EURO V,NEOBUS - SAN MARINO,MERCEDES BENZ,9BM382154EB943539,E87593D,45 BRT ARTICULADO,26/11/14 12:46
KQR9712,2013,Diesel,2839,MBB O 500 MA EURO V,NEOBUS - SAN MARINO,MERCEDES BENZ,9BM382154EB943571,E87594D,45 BRT ARTICULADO,26/11/14 12:46
LRO4789,2013,Diesel,2839,MBB O 500 MA EURO V,NEOBUS - SAN MARINO,MERCEDES BENZ,9BM382154EB943696,E87595D,45 BRT ARTICULADO,26/11/14 12:47
KOY4550,2012,Diesel,2885,MBB O 500 M  EURO V,NEOBUS - SAN MARINO,MERCEDES BENZ,9BM382188CB869330,E90601D,44 BRT PADRON,31/03/15 11:36
LQL6936,2012,Diesel,2885,MBB O 500 M  EURO V,NEOBUS - SAN MARINO,MERCEDES BENZ,9BM382188CB869598,E90602D,44 BRT PADRON,31/03/15 11:37
KVU5463,2012,Diesel,2885,MBB O 500 M  EURO V,NEOBUS - SAN MARINO,MERCEDES BENZ,9BM382188CB869673,E90603D,44 BRT PADRON,31/03/15 11:38
KOY4548,2012,Diesel,2885,MBB O 500 M  EURO V,NEOBUS - SAN MARINO,MERCEDES BENZ,9BM382188CB869717,E90604D,44 BRT PADRON,31/03/15 11:38
LQL6942,2012,Diesel,2885,MBB O 500 M  EURO V,NEOBUS - SAN MARINO,MERCEDES BENZ,9BM382188CB869918,E90605D,44 BRT PADRON,31/03/15 11:40
KOY4594,2012,Diesel,2885,MBB O 500 M  EURO V,NEOBUS - SAN MARINO,MERCEDES BENZ,9BM382188CB869948,E90606D,44 BRT PADRON,31/03/15 12:13
LLT0946,2012,Diesel,2885,MBB O 500 M  EURO V,NEOBUS - SAN MARINO,MERCEDES BENZ,9BM382188CB871151,E90607D,44 BRT PADRON,31/03/15 11:41
LQL6964,2012,Diesel,2885,MBB O 500 M  EURO V,NEOBUS - SAN MARINO,MERCEDES BENZ,9BM382188CB871106,E90608D,44 BRT PADRON,31/03/15 11:45
LQL7001,2012,Diesel,2885,MBB O 500 M  EURO V,NEOBUS - SAN MARINO,MERCEDES BENZ,9BM382188CB871268,E90609D,44 BRT PADRON,31/03/15 11:46
KOY4566,2012,Diesel,2885,MBB O 500 M  EURO V,NEOBUS - SAN MARINO,MERCEDES BENZ,9BM382188CB871516,E90610D,44 BRT PADRON,31/03/15 11:47
LLT0570,2012,Diesel,2885,MBB O 500 M  EURO V,NEOBUS - SAN MARINO,MERCEDES BENZ,9BM382188CB871677,E90611D,44 BRT PADRON,31/03/15 11:48
KOY4563,2012,Diesel,2885,MBB O 500 M  EURO V,NEOBUS - SAN MARINO,MERCEDES BENZ,9BM382188CB871691,E90612D,44 BRT PADRON,31/03/15 11:49
KOY4561,2012,Diesel,2885,MBB O 500 M  EURO V,NEOBUS - SAN MARINO,MERCEDES BENZ,9BM382188CB868910,E90614D,44 BRT PADRON,31/03/15 11:50
LQL6952,2012,Diesel,2885,MBB O 500 M  EURO V,NEOBUS - SAN MARINO,MERCEDES BENZ,9BM382188CB871210,E90615D,44 BRT PADRON,31/03/15 11:54
KOY4556,2012,Diesel,2885,MBB O 500 M  EURO V,NEOBUS - SAN MARINO,MERCEDES BENZ,9BM382188CB871521,E90616D,44 BRT PADRON,31/03/15 11:59
KOY4562,2012,Diesel,2885,MBB O 500 M  EURO V,NEOBUS - SAN MARINO,MERCEDES BENZ,9BM382188CB871506,E90617D,44 BRT PADRON,31/03/15 12:00
LLT0618,2012,Diesel,2885,MBB O 500 M  EURO V,NEOBUS - SAN MARINO,MERCEDES BENZ,9BM382188CB871680,E90618D,44 BRT PADRON,31/03/15 12:01
LQL6999,2012,Diesel,2885,MBB O 500 M  EURO V,NEOBUS - SAN MARINO,MERCEDES BENZ,9BM382188CB871741,E90619D,44 BRT PADRON,31/03/15 12:02
KOY4554,2012,Diesel,2885,MBB O 500 M  EURO V,NEOBUS - SAN MARINO,MERCEDES BENZ,9BM382188CB871878,E90620D,44 BRT PADRON,31/03/15 12:03
KQU2173,2012,Diesel,2885,MBB O 500 M  EURO V,NEOBUS - SAN MARINO,MERCEDES BENZ,9BM382188CB871972,E90621D,44 BRT PADRON,31/03/15 12:05
KOY4551,2012,Diesel,2885,MBB O 500 M  EURO V,NEOBUS - SAN MARINO,MERCEDES BENZ,9BM382188CB872255,E90622D,44 BRT PADRON,31/03/15 12:06
KOY4552,2012,Diesel,2885,MBB O 500 M  EURO V,NEOBUS - SAN MARINO,MERCEDES BENZ,9BM382188CB872229,E90623D,44 BRT PADRON,31/03/15 12:07
LQL6951,2012,Diesel,2885,MBB O 500 M  EURO V,NEOBUS - SAN MARINO,MERCEDES BENZ,9BM382188CB872502,E90624D,44 BRT PADRON,31/03/15 12:09
LLT0545,2012,Diesel,2885,MBB O 500 M  EURO V,NEOBUS - SAN MARINO,MERCEDES BENZ,9BM382188CB872548,E90625D,44 BRT PADRON,31/03/15 12:08
